INSERT INTO funcionarios (nome, telefone, email, senha, cargo)
VALUES
('Carlos Silva', '11987654321', 'carlos@oficina.com', 'senha123', 'Administrador'),
('Mariana Souza', '11976543210', 'mariana@oficina.com', 'senha123', 'Funcionario'),
('João Pereira', '11965432109', 'joao@oficina.com', 'senha123', 'Funcionario'),
('Ana Lima', '11981234567', 'ana@oficina.com', 'senha123', 'Funcionario'),
('Bruno Costa', '11982345678', 'bruno@oficina.com', 'senha123', 'Funcionario'),
('Paula Fernandes', '11983456789', 'paula@oficina.com', 'senha123', 'Funcionario'),
('Rafael Santos', '11984567890', 'rafael@oficina.com', 'senha123', 'Funcionario'),
('Juliana Rocha', '11985678901', 'juliana@oficina.com', 'senha123', 'Funcionario'),
('Eduardo Almeida', '11986789012', 'eduardo@oficina.com', 'senha123', 'Funcionario'),
('Sofia Martins', '11987890123', 'sofia@oficina.com', 'senha123', 'Funcionario'),
("Marcos Vinicius Mello", "62997000563", "marcos_mv@icloud.com", "$2a$12$vGEs2xW0J4k5MqQPygDdOurOF9vcLwpLjPd.qP/xq9Vm.hqw8Jeda", "Administrador");

INSERT INTO clientes (nome, telefone)
VALUES
('Roberto Lima', '11981234567'),
('Fernanda Alves', '11982345678'),
('Lucas Santos', '11983456789'),
('Patricia Souza', '11984567891'),
('André Oliveira', '11985678912'),
('Marcos Rocha', '11986789023'),
('Camila Costa', '11987890134'),
('Vinicius Martins', '11988901245'),
('Isabela Pereira', '11989012356'),
('Gustavo Fernandes', '11990123467'),
('Larissa Lima', '11991234578'),
('Diego Santos', '11992345689'),
('Juliana Almeida', '11993456790'),
('Felipe Rocha', '11994567801'),
('Aline Costa', '11995678912'),
('Bruno Martins', '11996789023'),
('Renata Souza', '11997890134'),
('Tiago Oliveira', '11998901245'),
('Carla Pereira', '11999012356'),
('Matheus Fernandes', '11990123456');

INSERT INTO enderecos (cliente_id, cep, logradouro, numero, bairro, cidade, estado)
VALUES
(1, '01234567', 'Rua das Flores', '123', 'Jardim Primavera', 'São Paulo', 'SP'),
(2, '02345678', 'Avenida Central', '456', 'Centro', 'São Paulo', 'SP'),
(3, '03456789', 'Rua do Sol', '789', 'Vila Nova', 'São Paulo', 'SP'),
(4, '04567890', 'Rua das Acácias', '101', 'Jardim das Palmeiras', 'São Paulo', 'SP'),
(5, '05678901', 'Avenida Brasil', '202', 'Centro', 'São Paulo', 'SP'),
(6, '06789012', 'Rua Santa Maria', '303', 'Vila Mariana', 'São Paulo', 'SP'),
(7, '07890123', 'Rua Boa Vista', '404', 'Jardim América', 'São Paulo', 'SP'),
(8, '08901234', 'Rua Nova', '505', 'Centro', 'São Paulo', 'SP'),
(9, '09012345', 'Avenida Paulista', '606', 'Bela Vista', 'São Paulo', 'SP'),
(10, '10123456', 'Rua das Palmeiras', '707', 'Jardim Europa', 'São Paulo', 'SP'),
(11, '11234567', 'Rua Primavera', '808', 'Vila Nova', 'São Paulo', 'SP'),
(12, '12345678', 'Avenida Central', '909', 'Centro', 'São Paulo', 'SP'),
(13, '13456789', 'Rua Sol', '100', 'Jardim Paulista', 'São Paulo', 'SP'),
(14, '14567890', 'Rua das Flores', '111', 'Vila Mariana', 'São Paulo', 'SP'),
(15, '15678901', 'Rua América', '222', 'Centro', 'São Paulo', 'SP'),
(16, '16789012', 'Rua Nova', '333', 'Jardim Europa', 'São Paulo', 'SP'),
(17, '17890123', 'Rua das Rosas', '444', 'Vila Nova', 'São Paulo', 'SP'),
(18, '18901234', 'Avenida Brasil', '555', 'Centro', 'São Paulo', 'SP'),
(19, '19012345', 'Rua do Sol', '666', 'Jardim Primavera', 'São Paulo', 'SP'),
(20, '20123456', 'Rua Boa Vista', '777', 'Bela Vista', 'São Paulo', 'SP');

INSERT INTO veiculos (cliente_id, marca, modelo, ano, placa)
VALUES
(1, 'Fiat', 'Uno', 2015, 'ABC1234'),
(1, 'Volkswagen', 'Gol', 2018, 'DEF5678'),
(2, 'Honda', 'Civic', 2020, 'GHI9012'),
(3, 'Chevrolet', 'Onix', 2019, 'JKL3456'),
(4, 'Ford', 'Ka', 2016, 'MNO7890'),
(5, 'Renault', 'Sandero', 2021, 'PQR1234'),
(6, 'Toyota', 'Corolla', 2019, 'STU5678'),
(7, 'Nissan', 'Versa', 2020, 'VWX9012'),
(8, 'Hyundai', 'HB20', 2018, 'YZA3456'),
(9, 'Jeep', 'Renegade', 2022, 'BCD7890'),
(10, 'Volkswagen', 'Polo', 2017, 'EFG1234'),
(11, 'Fiat', 'Palio', 2016, 'HIJ5678'),
(12, 'Chevrolet', 'Prisma', 2019, 'KLM9012'),
(13, 'Honda', 'Fit', 2018, 'NOP3456'),
(14, 'Ford', 'EcoSport', 2021, 'QRS7890'),
(15, 'Renault', 'Logan', 2020, 'TUV1234'),
(16, 'Toyota', 'Yaris', 2017, 'WXY5678'),
(17, 'Nissan', 'March', 2015, 'ZAB9012'),
(18, 'Hyundai', 'Creta', 2022, 'CDE3456'),
(19, 'Jeep', 'Compass', 2021, 'FGH7890'),
(20, 'Volkswagen', 'Virtus', 2020, 'IJK1234'),
(2, 'Chevrolet', 'Sonic', 2018, 'LMN5678'),
(3, 'Fiat', 'Cronos', 2021, 'OPQ9012'),
(4, 'Honda', 'HR-V', 2019, 'RST3456'),
(5, 'Ford', 'Ranger', 2022, 'UVW7890'),
(6, 'Toyota', 'Hilux', 2020, 'XYZ1234'),
(7, 'Volkswagen', 'T-Cross', 2021, 'ABC5678'),
(8, 'Chevrolet', 'Tracker', 2019, 'DEF9012'),
(9, 'Jeep', 'Wrangler', 2020, 'GHI3456'),
(10, 'Nissan', 'Kicks', 2021, 'JKL7890');

INSERT INTO servicos (veiculo_id, funcionario_id, descricao, orcamento, data_entrada, status)
VALUES
(1, 2, 'Substituição da bateria e revisão elétrica', 450.00, '2025-11-20', 'Pendente'),
(2, 3, 'Troca de alternador', 600.00, '2025-11-22', 'Em andamento'),
(3, 2, 'Manutenção preventiva geral', 800.00, '2025-11-25', 'Aguardando peças'),
(4, 3, 'Reparo do sistema de faróis', 350.00, '2025-11-28', 'Concluido'),
(5, 4, 'Troca de velas e filtro', 200.00, '2025-11-21', 'Concluido'),
(6, 5, 'Revisão do sistema de freios', 500.00, '2025-11-22', 'Em andamento'),
(7, 6, 'Substituição da correia dentada', 700.00, '2025-11-23', 'Pendente'),
(8, 7, 'Troca de óleo e filtros', 150.00, '2025-11-24', 'Concluido'),
(9, 8, 'Diagnóstico eletrônico completo', 400.00, '2025-11-25', 'Aguardando peças'),
(10, 9, 'Substituição da bateria', 350.00, '2025-11-26', 'Pendente'),
(11, 2, 'Reparo do sistema de ar', 600.00, '2025-11-27', 'Concluido'),
(12, 3, 'Troca de pastilhas de freio', 250.00, '2025-11-28', 'Em andamento'),
(13, 4, 'Alinhamento e balanceamento', 180.00, '2025-11-29', 'Concluido'),
(14, 5, 'Substituição do alternador', 650.00, '2025-11-30', 'Pendente'),
(15, 6, 'Revisão do motor', 900.00, '2025-12-01', 'Pendente'),
(16, 7, 'Troca de pneus', 1200.00, '2025-12-02', 'Aguardando peças'),
(17, 8, 'Instalação de som automotivo', 400.00, '2025-12-03', 'Em andamento'),
(18, 9, 'Reparo da suspensão', 750.00, '2025-12-04', 'Concluido'),
(19, 10, 'Troca de embreagem', 950.00, '2025-12-05', 'Pendente'),
(20, 1, 'Revisão elétrica completa', 1100.00, '2025-12-06', 'Pendente');

INSERT INTO pagamentos (servico_id, valor, forma_pagamento, data_pagamento, status_pagamento)
VALUES
(1, 450.00, 'Pix', '2025-11-21', 'Pago'),
(2, 600.00, 'Credito', '2025-11-23', 'Parcial'),
(3, 800.00, 'Debito', '2025-11-26', 'Pendente'),
(4, 350.00, 'Dinheiro', '2025-11-29', 'Pago'),
(5, 200.00, 'Pix', '2025-11-22', 'Pago'),
(6, 500.00, 'Credito', '2025-11-23', 'Parcial'),
(7, 700.00, 'Debito', '2025-11-24', 'Pendente'),
(8, 150.00, 'Dinheiro', '2025-11-25', 'Pago'),
(9, 400.00, 'Pix', '2025-11-26', 'Parcial'),
(10, 350.00, 'Credito', '2025-11-27', 'Pago'),
(11, 600.00, 'Debito', '2025-11-28', 'Pago'),
(12, 250.00, 'Dinheiro', '2025-11-29', 'Parcial'),
(13, 180.00, 'Pix', '2025-11-30', 'Pago'),
(14, 650.00, 'Credito', '2025-12-01', 'Pendente'),
(15, 900.00, 'Debito', '2025-12-02', 'Pendente'),
(16, 1200.00, 'Pix', '2025-12-03', 'Parcial'),
(17, 400.00, 'Credito', '2025-12-04', 'Pago'),
(18, 750.00, 'Dinheiro', '2025-12-05', 'Pago'),
(19, 950.00, 'Pix', '2025-12-06', 'Pendente'),
(20, 1100.00, 'Credito', '2025-12-07', 'Pendente');
